T,time,acceleration
1,4650,1
2,2297,2.02438
3,1497,3.10621
4,1130,4.11504
5,911,5.10428
6,766,6.0705
7,667,6.97151
8,577,8.05893
9,516,9.01163
10,471,9.87261
11,432,10.7639
12,413,11.2591
