T,time_ms,speedup,efficiency
1,54.9063,1.0,100
1,203.943,0.269224,26.9224
2,116.761,0.470246,23.5123
3,113.315,0.484548,16.1516
4,74.908,0.732984,18.3246
5,71.2108,0.77104,15.4208
6,68.9283,0.796572,13.2762
7,65.449,0.838918,11.9845
8,65.6492,0.83636,10.4545
9,62.9606,0.872074,9.68971
10,62.2465,0.882079,8.82079
11,60.0925,0.913698,8.30634
12,60.6916,0.904677,7.53898
