T,time,acceleration
1,0.0982052,0.985504
2,0.0768961,1.2586
3,0.0728842,1.32788
4,0.0742846,1.30285
5,0.0753113,1.28509
6,0.0725186,1.33458
7,0.0799852,1.20999
8,0.0758068,1.27669
9,0.118095,0.81952
10,0.0980235,0.987331
11,0.141789,0.682573
12,0.173737,0.557059
